{"type":"aside","name":"Apps","sections":{"main":{"type":"apps","blocks":{"geolocation_orbe_app_block_custom_button_TniTHQ":{"type":"shopify:\/\/apps\/geolocation-orbe\/blocks\/app-block-custom-button\/7cb09287-cd2b-4646-837c-f1f9b6ea703e","settings":{"title":"Geolocation Button","selector_type":"geolocation","block_position":"#country","button_content":"{country} ({currency_code}){icon_code_svg}","custom_icon_svg":"<svg fill=\"#ffffff\" height=\"10px\" width=\"10px\" version=\"1.1\" id=\"Layer_1\" xmlns=\"http:\/\/www.w3.org\/2000\/svg\" viewbox=\"0 0 330 330\" stroke=\"#ffffff\" xmlns:xlink=\"http:\/\/www.w3.org\/1999\/xlink\" xml:space=\"preserve\"><g id=\"SVGRepo_bgCarrier\" stroke-width=\"0\"><\/g><g id=\"SVGRepo_tracerCarrier\" stroke-linecap=\"round\" stroke-linejoin=\"round\"><\/g><g id=\"SVGRepo_iconCarrier\"> <path id=\"XMLID_225_\" d=\"M325.607,79.393c-5.857-5.857-15.355-5.858-21.213,0.001l-139.39,139.393L25.607,79.393 c-5.857-5.857-15.355-5.858-21.213,0.001c-5.858,5.858-5.858,15.355,0,21.213l150.004,150c2.813,2.813,6.628,4.393,10.606,4.393 s7.794-1.581,10.606-4.394l149.996-150C331.465,94.749,331.465,85.251,325.607,79.393z\"><\/path> <\/g><\/svg>","style_colors_text":"#ffffff","flag_size":1,"margin_left":0,"margin_right":0,"hide_desktop":false,"hide_mobile":false,"custom_css":"#country {\nmargin-top: 4px;\n}\n.md-orbe-country-selector__icon {\n    background-size: cover;\n    width: auto;\n    height: auto;\n    margin-left: 2px;\n    margin-right: 0;\n}\n#md-app-embed__modal .md-modal-closeButton {\ndisplay: none!important;\n}","custom_js":""}},"geolocation_orbe_app_block_custom_button_HLzXbF":{"type":"shopify:\/\/apps\/geolocation-orbe\/blocks\/app-block-custom-button\/7cb09287-cd2b-4646-837c-f1f9b6ea703e","settings":{"title":"Geolocation Button Mobile","selector_type":"geolocation","block_position":"#country-mobile","button_content":"{currency_code} {icon_code_svg}","custom_icon_svg":"<svg fill=\"#ffffff\" height=\"10px\" width=\"10px\" version=\"1.1\" id=\"Layer_1\" xmlns=\"http:\/\/www.w3.org\/2000\/svg\" viewbox=\"0 0 330 330\" stroke=\"#ffffff\" xmlns:xlink=\"http:\/\/www.w3.org\/1999\/xlink\" xml:space=\"preserve\"><g id=\"SVGRepo_bgCarrier\" stroke-width=\"0\"><\/g><g id=\"SVGRepo_tracerCarrier\" stroke-linecap=\"round\" stroke-linejoin=\"round\"><\/g><g id=\"SVGRepo_iconCarrier\"> <path id=\"XMLID_225_\" d=\"M325.607,79.393c-5.857-5.857-15.355-5.858-21.213,0.001l-139.39,139.393L25.607,79.393 c-5.857-5.857-15.355-5.858-21.213,0.001c-5.858,5.858-5.858,15.355,0,21.213l150.004,150c2.813,2.813,6.628,4.393,10.606,4.393 s7.794-1.581,10.606-4.394l149.996-150C331.465,94.749,331.465,85.251,325.607,79.393z\"><\/path> <\/g><\/svg>","style_colors_text":"#ffffff","flag_size":1,"margin_left":0,"margin_right":0,"hide_desktop":false,"hide_mobile":false,"custom_css":"","custom_js":""}}},"block_order":["geolocation_orbe_app_block_custom_button_TniTHQ","geolocation_orbe_app_block_custom_button_HLzXbF"],"settings":{}}},"order":["main"]}