{"current":{"navigation_img":"shopify:\/\/shop_images\/Desktop-Billboard.jpg","navigation_img_m":"shopify:\/\/shop_images\/Mobile-Billboard.jpg","newsletter_img":"shopify:\/\/shop_images\/Newsletter_-_Desktop_Mobile_4d2b8f6f-13c4-4d7e-82d1-2d1fd32d7e63.jpg","sections":{"home":{"type":"home","blocks":{"image_pUNCQg":{"type":"image","settings":{"desktop_image":"shopify:\/\/shop_images\/Homepage_-_Landscape_desktop_1_9108bff0-fa12-47ca-9b07-21421d671cc9.jpg","mobile_image":"shopify:\/\/shop_images\/Homepage_-_Portrait_mobile_1_fd3aa7e9-3bfc-4b5b-b4cc-365ac283b42e.jpg","desktop_size":"full","desktop_url":"shopify:\/\/collections\/new-arrivals","desktop_text":"New Arrivals","desktop_color":"white"}},"two_image_8HMMht":{"type":"two-image","settings":{"left_img_desktop":"shopify:\/\/shop_images\/Homepage_-_Portrait_mobile_2_75902ce2-c069-4428-84d4-ee868a4b2580.jpg","left_url_desktop":"shopify:\/\/collections\/swimwear","left_img_text_desktop":"Swimwear","left_product_1":"","left_product_2":"","left_product_3":"","left_color":"white","right_img_desktop":"shopify:\/\/shop_images\/Homepage_-_Portrait_mobile_3_809d17de-250d-4618-8f64-7dd42aead452.jpg","right_url_desktop":"shopify:\/\/collections\/dresses-and-skirts","right_img_text_desktop":"Dresses and Skirts","right_product_1":"","right_product_2":"","right_product_3":"","right_color":"white","mobile_section_layout":"split"}},"three_image_Gdq43V":{"type":"three-image","settings":{"first_img_desktop":"shopify:\/\/shop_images\/Homepage_-_Portrait_mobile_6_825c3db8-25d4-4891-a0b0-abdb05bc6c6f.jpg","first_url_desktop":"https:\/\/matteau-store.com\/products\/empire-pintuck-bodice-dress-maroc","first_img_text_desktop":"","first_product_1":"shopify:\/\/products\/empire-pintuck-bodice-dress-maroc","first_product_2":"","first_product_3":"","first_color":"black","second_img_desktop":"shopify:\/\/shop_images\/Homepage_-_Portrait_mobile_7_c8a450f8-866a-4f1e-aee1-8b29f0be15a3.jpg","second_url_desktop":"https:\/\/matteau-store.com\/products\/broderie-tie-blouse-white","second_img_text_desktop":"","second_product_1":"shopify:\/\/products\/broderie-midi-skirt-white","second_product_2":"shopify:\/\/products\/broderie-tie-blouse-white","second_product_3":"","second_color":"black","third_img_desktop":"shopify:\/\/shop_images\/Homepage_-_Portrait_mobile_8_ebd1b36d-99df-485f-a076-3e10ebed7ad0.jpg","third_url_desktop":"https:\/\/matteau-store.com\/products\/sheer-midi-skirt-black","third_img_text_desktop":"","third_product_1":"shopify:\/\/products\/sheer-midi-skirt-black","third_product_2":"","third_product_3":"","third_color":"black","mobile_section_layout":"split"}},"two_image_TLMUDV":{"type":"two-image","settings":{"left_img_desktop":"shopify:\/\/shop_images\/Homepage_-_Portrait_mobile_4_fad4a155-e5e5-40e4-8e2b-d63c58f75ce3.jpg","left_url_desktop":"shopify:\/\/blogs\/journal","left_img_text_desktop":"Journal","left_product_1":"","left_product_2":"","left_product_3":"","left_color":"white","right_img_desktop":"shopify:\/\/shop_images\/Homepage_-_Portrait_mobile_5_acc6a143-8983-41a5-b68f-5d4ba7dd9140.jpg","right_url_desktop":"shopify:\/\/collections\/blazer","right_img_text_desktop":"Blazers and Jackets","right_product_1":"","right_product_2":"","right_product_3":"","right_color":"white","mobile_section_layout":"split"}}},"block_order":["image_pUNCQg","two_image_8HMMht","three_image_Gdq43V","two_image_TLMUDV"],"settings":{}}},"content_for_index":[],"blocks":{"5858961087409699889":{"type":"shopify:\/\/apps\/geolocation-orbe\/blocks\/app-embed-footer-selector\/7cb09287-cd2b-4646-837c-f1f9b6ea703e","disabled":false,"settings":{"footer_ui_type":"selector","option_language":false,"style_corners":"square","style_dropdown":"without_lines","option_classic_flag_style":"none","option_classic_currency_type":"iso","search_country":true,"option_modal_continent":true,"option_flag_style":"none","option_currency_type":"iso","option_modal_language":false,"title":"Select Your Region","language_title":"Preferred Language","helper_text":"Changing language will not affect your selected region","block_background":"#f7f6f4","style_colors_background":"#f7f6f4","style_colors_border":"#222222","style_colors_text":"#222222","block_alignement":"flex-end"}},"855628211100114053":{"type":"shopify:\/\/apps\/klaviyo-email-marketing-sms\/blocks\/klaviyo-onsite-embed\/2632fe16-c075-4321-a88b-50b567f42507","disabled":false,"settings":{}},"15912215999290715800":{"type":"shopify:\/\/apps\/geolocation-orbe\/blocks\/app-embed-modal\/7cb09287-cd2b-4646-837c-f1f9b6ea703e","disabled":false,"settings":{"test_mode":false,"modal_closeButton":false,"option_flag_style":"none","option_currency_type":"iso","option_language":false,"option_search_country":true,"title":"","text":"Please select your shipping country.","helper_text":"<p>We can only ship your order to addresses located in the chosen country. <\/p>","cta_text":"Confirm and start shopping","fallback_text":"We don’t ship to {country}","alignment_image":"right","style_corners":"square","style_dropdown":"outlined","modal_button_align":"full_width","title_font_size":18,"text_font_size":12,"show_blurred_background":false,"style_colors_background":"#f7f6f4","style_colors_closeButton":"#222222","style_colors_cta_text":"#ffffff","style_colors_cta_button":"#222222","style_colors_text":"#222222"}}}},"platform_customizations":{"custom_css":[".home-pg main .single a.white span,.home-pg main .double div.white span,.home-pg main .triple div.white span a {text-shadow: 3px 2px 3px rgba(0, 0, 0, 0.1);}",".shopify-pc__banner__dialog {padding: 15px !important; box-shadow: none !important;}",".shopify-pc__prefs__dialog {border-radius: 0 !important;}",".shopify-pc__banner__dialog h2,.shopify-pc__banner__dialog p,.shopify-pc__prefs__dialog header h2,.shopify-pc__prefs__option label,.shopify-pc__prefs__intro p,.shopify-pc__prefs__intro h3,.shopify-pc__prefs__option p {font-size: 12px !important; font-weight: 500 !important;}",".shopify-pc__banner__dialog button,.shopify-pc__prefs__header-actions button {flex-basis: 0 !important; border-radius: 20px !important; height: 36px !important; font-size: 12px !important;}",".shopify-pc__banner__body {margin: 0 !important;}",".shopify-pc__prefs__option label span svg {width: 15px !important;}"," \/* Country switcher *\/.md-form__select__country__list {right: 0;}",".md-footer-selector__container {padding-right: 40px;}","#md-app-embed__modal .md-modal-closeButton {display: none !important;}"]}}